date,slot,count,subscriber_count,special_flag,source
2026-09-05,B,59,395,0,synthetic
2026-09-05,L,171,,0,synthetic
2026-09-05,D,183,395,0,synthetic
2026-09-06,B,140,,0,synthetic
2026-09-06,L,252,,0,synthetic
2026-09-06,D,298,,1,synthetic
2026-09-07,B,151,395,0,synthetic
2026-09-07,L,241,395,0,synthetic
2026-09-07,D,254,395,0,synthetic
2026-09-08,B,221,,0,synthetic
2026-09-08,L,337,395,0,synthetic
2026-09-08,D,348,395,0,synthetic
2026-09-09,B,163,,0,synthetic
2026-09-09,L,263,395,0,synthetic
2026-09-09,D,291,395,0,synthetic
2026-09-10,B,196,,0,synthetic
2026-09-10,L,276,,0,synthetic
2026-09-10,D,326,395,0,synthetic
2026-09-11,L,252,395,0,synthetic
2026-09-11,D,2920,395,0,synthetic
2026-09-12,B,60,400,0,synthetic
2026-09-12,L,164,400,0,synthetic
2026-09-12,D,183,400,0,synthetic
2026-09-14,B,175,400,0,synthetic
2026-09-14,L,267,400,0,synthetic
2026-09-14,D,311,400,0,synthetic
2026-09-15,B,236,400,0,synthetic
2026-09-15,L,312,400,0,synthetic
2026-09-15,D,345,400,0,synthetic
2026-09-16,B,224,,0,synthetic
2026-09-16,L,328,400,0,synthetic
2026-09-16,D,355,400,0,synthetic
2026-09-17,B,207,400,0,synthetic
2026-09-17,L,286,400,0,synthetic
2026-09-17,D,325,400,0,synthetic
2026-09-18,B,163,,0,synthetic
2026-09-18,L,240,,0,synthetic
2026-09-18,D,300,400,0,synthetic
2026-09-19,B,205,400,0,synthetic
2026-09-19,L,316,400,0,synthetic
2026-09-19,D,348,,0,synthetic
2026-09-20,B,197,,0,synthetic
2026-09-20,L,283,400,0,synthetic
2026-09-20,D,352,400,1,synthetic
2026-09-21,B,139,400,0,synthetic
2026-09-21,L,263,400,0,synthetic
2026-09-21,D,302,,0,synthetic
2026-09-22,B,205,,0,synthetic
2026-09-22,L,280,400,0,synthetic
2026-09-22,D,329,400,0,synthetic
2026-09-23,B,151,400,0,synthetic
2026-09-23,L,259,400,0,synthetic
2026-09-23,D,246,400,0,synthetic
2026-09-24,B,218,400,0,synthetic
2026-09-24,L,295,400,0,synthetic
2026-09-24,D,335,400,0,synthetic
2026-09-25,B,134,400,0,synthetic
2026-09-25,L,227,,0,synthetic
2026-09-25,D,277,400,0,synthetic
