frame_id,meal_id,taken_at,file_name,kept,drop_reason,n_faces,n_persons,dhash,in_meal_window,source
DIHING_20260926_B_526629a5ef,DIHING_20260926_B,,WhatsApp_Image_2026-09-26_at_09.00.38.jpeg,True,,0,0,581860c74f8e8e18,,observed
DIHING_20260926_B_0d7b5f0e5e,DIHING_20260926_B,,WhatsApp_Image_2026-09-26_at_09.00.43.jpeg,True,,0,0,6193f32521a2e2c0,,observed
DIHING_20260926_B_a8548f61fe,DIHING_20260926_B,,WhatsApp_Image_2026-09-26_at_09.00.44.jpeg,True,,0,0,1c2b3333333999cc,,observed
DIHING_20260926_B_1ea97db46f,DIHING_20260926_B,,WhatsApp_Image_2026-09-26_at_09.00.52.jpeg,True,,0,0,ce47434bb99b8b63,,observed
DIHING_20260926_B_1d6cde9220,DIHING_20260926_B,,WhatsApp_Image_2026-09-26_at_09.00.56.jpeg,True,,0,0,82c3f30762622690,,observed
DIHING_20260926_B_0045a0fe2a,DIHING_20260926_B,,WhatsApp_Image_2026-09-26_at_09.01.24.jpeg,False,not a tray,0,0,8f2161474343050f,,observed
DIHING_20260926_B_9ebd10d1a0,DIHING_20260926_B,,WhatsApp_Image_2026-09-26_at_09.01.26.jpeg,True,,0,0,092c6cc8dca8b3b3,,observed
DIHING_20260926_B_2b3ebce4aa,DIHING_20260926_B,,WhatsApp_Image_2026-09-26_at_09.01.27.jpeg,True,,0,0,191b333727272d69,,observed
DIHING_20260926_B_74387cb8db,DIHING_20260926_B,,WhatsApp_Image_2026-09-26_at_09.18.02.jpeg,True,,0,0,cecaee624a9455ce,,observed
DIHING_20260926_B_cd34c9600c,DIHING_20260926_B,,WhatsApp_Image_2026-09-26_at_09.18.04.jpeg,True,,0,0,0ece6c2c3d1d677e,,observed
DIHING_20260926_B_44e42e541b,DIHING_20260926_B,,WhatsApp_Image_2026-09-26_at_10.11.41.jpeg,True,,0,0,4c0c98f0f1b390f0,,observed
DIHING_20260926_B_b43e44d5e9,DIHING_20260926_B,,WhatsApp_Image_2026-09-26_at_10.11.41_(1).jpeg,True,,0,0,580c161a08caca1c,,observed
DIHING_20260926_B_9b6ce933ba,DIHING_20260926_B,,WhatsApp_Image_2026-09-26_at_10.11.42.jpeg,True,,0,0,f8c5c9486861e0f0,,observed
DIHING_20260926_B_a98b654ea4,DIHING_20260926_B,,WhatsApp_Image_2026-09-26_at_10.11.44_(1).jpeg,True,,0,0,fe8387909a9a989f,,observed
DIHING_20260926_B_fbfc89e635,DIHING_20260926_B,,WhatsApp_Image_2026-09-26_at_10.11.48_(1).jpeg,True,,0,0,0c2837374f0f0f86,,observed
DIHING_20260926_B_3058007019,DIHING_20260926_B,,WhatsApp_Image_2026-09-26_at_10.11.48_(2).jpeg,True,,0,0,d0e9ebe863e7e3e3,,observed
DIHING_20260926_B_9886453435,DIHING_20260926_B,,WhatsApp_Image_2026-09-26_at_10.11.51.jpeg,True,,0,0,c0cc446464c64e60,,observed
DIHING_20260926_B_b17dc06125,DIHING_20260926_B,,WhatsApp_Image_2026-09-26_at_10.12.00.jpeg,True,,0,0,ce6e0c1c1c47a626,,observed
DIHING_20260926_B_e51ee6f642,DIHING_20260926_B,,WhatsApp_Image_2026-09-26_at_10.12.02.jpeg,True,,0,0,f38383363630b0f8,,observed
DIHING_20260926_B_f818376c51,DIHING_20260926_B,,WhatsApp_Image_2026-09-26_at_10.12.03.jpeg,False,not a tray,0,0,06c3cd8d8e9c8b4a,,observed
DIHING_20260926_B_60f07f015c,DIHING_20260926_B,,WhatsApp_Image_2026-09-26_at_10.12.31.jpeg,True,,0,0,9a988878e89dcde3,,observed
DIHING_20260926_B_1f36cabf80,DIHING_20260926_B,,WhatsApp_Image_2026-09-26_at_10.12.33.jpeg,True,,0,0,78e030307048d8d8,,observed
DIHING_20260926_B_5bdf35e8ac,DIHING_20260926_B,,WhatsApp_Image_2026-09-26_at_10.12.33_(1).jpeg,True,,0,0,86388886264cccec,,observed
DIHING_20260926_B_38dc5b8de1,DIHING_20260926_B,,WhatsApp_Image_2026-09-26_at_10.12.34.jpeg,True,,0,0,e0ada92737315658,,observed
DIHING_20260926_B_95e1f7d515,DIHING_20260926_B,,WhatsApp_Image_2026-09-26_at_10.12.34_(1).jpeg,True,,0,0,e1ece9e9e3676be0,,observed
DIHING_20260926_B_943561bd18,DIHING_20260926_B,,WhatsApp_Image_2026-09-26_at_10.12.35.jpeg,True,,0,0,e3a7e6f83836f678,,observed
DIHING_20260926_B_885cfb4fba,DIHING_20260926_B,,WhatsApp_Image_2026-09-26_at_10.12.36_(1).jpeg,True,,0,0,f1e2e1c183b3b232,,observed
DIHING_20260926_B_e08d216449,DIHING_20260926_B,,WhatsApp_Image_2026-09-26_at_14_21_50.jpeg,False,face,1,0,e06864ecc8e838dc,,observed
DIHING_20260926_B_dde8f2b605,DIHING_20260926_B,,WhatsApp_Image_2026-09-26_at_15.09.19.jpeg,True,,0,0,f0d2922ea6262c0c,,observed
DIHING_20260926_B_eded802c11,DIHING_20260926_B,,WhatsApp_Image_2026-09-26_at_15.09.22.jpeg,True,,0,0,4c723b333372eccc,,observed
DIHING_20260926_B_0211e04365,DIHING_20260926_B,,WhatsApp_Image_2026-09-26_at_15.09.22_(1).jpeg,False,face,1,0,eeb29888cececccc,,observed
DIHING_20260926_D_6d34ff5b05,DIHING_20260926_D,,WhatsApp_Image_2026-09-26_at_09.00.55.jpeg,True,,0,0,41030b8d0d3d7d2d,,observed
DIHING_20260926_D_d1d79837b1,DIHING_20260926_D,,WhatsApp_Image_2026-09-26_at_10.11.43.jpeg,True,,0,0,f3f1eb630f37272f,,observed
DIHING_20260926_D_b712eea606,DIHING_20260926_D,,WhatsApp_Image_2026-09-26_at_14_21_50__1_.jpeg,True,,0,0,62a4e4c4e4e4ccf0,,observed
DIHING_20260926_D_57102c3c82,DIHING_20260926_D,,WhatsApp_Image_2026-09-26_at_15.09.17.jpeg,True,,0,0,acaeb7afb8d8fcbc,,observed
DIHING_20260926_D_fc12578c53,DIHING_20260926_D,,WhatsApp_Image_2026-09-26_at_15.09.18.jpeg,True,,0,0,21707c1c3e3e2616,,observed
DIHING_20260926_D_de8dc1a5e2,DIHING_20260926_D,,WhatsApp_Image_2026-09-26_at_15.09.19_(1).jpeg,True,,0,0,444c4c8c949c1c00,,observed
DIHING_20260926_D_a489df46ee,DIHING_20260926_D,,WhatsApp_Image_2026-09-26_at_15.09.20.jpeg,True,,0,0,1836129a8a891d79,,observed
DIHING_20260926_D_306c322016,DIHING_20260926_D,,WhatsApp_Image_2026-09-26_at_15.09.21_(1).jpeg,True,,0,0,be36c3c7e7776fff,,observed
DIHING_20260926_L_91bdd406e2,DIHING_20260926_L,,WhatsApp_Image_2026-09-26_at_09.00.46.jpeg,True,,0,0,0969f1e90b4d1b19,,observed
DIHING_20260926_L_f881e9a4c0,DIHING_20260926_L,,WhatsApp_Image_2026-09-26_at_09.01.25.jpeg,True,,0,0,8f81119c18ca436f,,observed
DIHING_20260926_L_45473c1aee,DIHING_20260926_L,,WhatsApp_Image_2026-09-26_at_09.18.01.jpeg,True,,0,0,06064363e34343c7,,observed
DIHING_20260926_L_9196d9c4e9,DIHING_20260926_L,,WhatsApp_Image_2026-09-26_at_09.18.03.jpeg,True,,0,0,96dc78b4b0b18d98,,observed
DIHING_20260926_L_d02cf1f879,DIHING_20260926_L,,WhatsApp_Image_2026-09-26_at_10.11.42_(1).jpeg,True,,0,0,1333c6c5892dc90b,,observed
DIHING_20260926_L_28ae36a277,DIHING_20260926_L,,WhatsApp_Image_2026-09-26_at_10.11.44.jpeg,True,,0,0,70f3e3ee6e1e4cf0,,observed
DIHING_20260926_L_bb354ea6d2,DIHING_20260926_L,,WhatsApp_Image_2026-09-26_at_10.11.46.jpeg,True,,0,0,d6f2ac66e6f5b5e7,,observed
DIHING_20260926_L_8d1d65a34a,DIHING_20260926_L,,WhatsApp_Image_2026-09-26_at_10.11.47.jpeg,True,,0,0,11d9c14d4b0748c1,,observed
DIHING_20260926_L_c44b6daa78,DIHING_20260926_L,,WhatsApp_Image_2026-09-26_at_10.11.48.jpeg,True,,0,0,c6c1c9c8c0070b01,,observed
DIHING_20260926_L_3ecfb1206a,DIHING_20260926_L,,WhatsApp_Image_2026-09-26_at_10.11.55.jpeg,True,,0,0,ece7e6e6e5adf8f0,,observed
DIHING_20260926_L_8525fcd079,DIHING_20260926_L,,WhatsApp_Image_2026-09-26_at_15.09.18_(1).jpeg,True,,0,0,093c3e1eee6c3438,,observed
DIHING_20260926_L_e00101e8a0,DIHING_20260926_L,,WhatsApp_Image_2026-09-26_at_15.09.23.jpeg,True,,0,0,c2d32e0e1473f1f1,,observed
DIHING_20260927_B_4a26041558,DIHING_20260927_B,,WhatsApp_Image_2026-09-26_at_09.00.40.jpeg,True,,0,0,3931336563a22252,,observed
DIHING_20260927_B_f247950d95,DIHING_20260927_B,,WhatsApp_Image_2026-09-26_at_09.00.47.jpeg,False,face,1,0,2f2b2d4545a52109,,observed
DIHING_20260927_B_3eaebdf1d0,DIHING_20260927_B,,WhatsApp_Image_2026-09-26_at_09.00.49.jpeg,True,,0,0,7f63232f0f2307b7,,observed
DIHING_20260927_B_45510d9557,DIHING_20260927_B,,WhatsApp_Image_2026-09-26_at_09.00.50.jpeg,False,face,1,0,0c0c38383b739397,,observed
DIHING_20260927_B_a2aaf9ee96,DIHING_20260927_B,,WhatsApp_Image_2026-09-26_at_10.12.31_(1).jpeg,True,,0,0,e0c3c9c1b9b4b4f4,,observed
DIHING_20260927_B_a869bc8f64,DIHING_20260927_B,,WhatsApp_Image_2026-09-26_at_10.12.32.jpeg,True,,0,0,4f47e5f7c5cccdc7,,observed
DIHING_20260927_B_708ce32380,DIHING_20260927_B,,WhatsApp_Image_2026-09-26_at_10.12.36.jpeg,True,,0,0,647d3f2b76f8d8ff,,observed
DIHING_20260927_B_c674d847b7,DIHING_20260927_B,,WhatsApp_Image_2026-09-26_at_15.09.20_(1).jpeg,True,,0,0,c3c343e7a7cf276f,,observed
DIHING_20260927_L_b390a46520,DIHING_20260927_L,,WhatsApp_Image_2026-09-26_at_09.00.41.jpeg,True,,0,0,1d7b6b4d79313939,,observed
DIHING_20260927_L_beece6f688,DIHING_20260927_L,,WhatsApp_Image_2026-09-26_at_09.00.53.jpeg,True,,0,0,7d4f1f7c3c3d4f1e,,observed
DIHING_20260927_L_bc8e1c8b49,DIHING_20260927_L,,WhatsApp_Image_2026-09-26_at_09_17_24.jpeg,True,,0,0,e3e333f3f3f23231,,observed
DIHING_20260927_L_f7345b2a3d,DIHING_20260927_L,,WhatsApp_Image_2026-09-26_at_10.11.45.jpeg,True,,0,0,82f6a6e383c7c587,,observed
DIHING_20260927_L_8b9022620b,DIHING_20260927_L,,WhatsApp_Image_2026-09-26_at_15.09.21.jpeg,True,,0,0,5108483830901030,,observed
