meal_id,dish,cooked_kg,leftover_kg,served_kg,p_kg_per_diner,overprod_rate,implied_headcount,ghost_overprod_kg,other_overprod_kg,mean_fraction_left,cost_per_kg_inr,source,plate_kg,plate_attr_method,waste_inr
DIHING_20260926_B,poha,52.65,14.15,38.5,0.20698924731182797,0.2687559354226021,254.36103896103896,14.15,0.0,0.6470588235294118,48.0,synthetic,3.3826379943975953,fraction x config serving,841.5666237310846
DIHING_20260926_B,pasta,46.35,18.97,27.380000000000003,0.14720430107526883,0.409277238403452,314.86851716581447,18.97,0.0,0.75,85.0,synthetic,2.788340048770315,fraction x config serving,1849.4589041454767
DIHING_20260926_B,sprouts,16.97,6.58,10.389999999999999,0.055860215053763436,0.3877430760164997,303.79403272377283,6.58,0.0,0.9090909090909091,90.0,synthetic,1.2825487795437311,fraction x config serving,707.6293901589358
DIHING_20260926_B,bread,7.6000000000000005,2.5,5.1000000000000005,0.02741935483870968,0.3289473684210526,277.1764705882353,2.5,0.0,0.75,58.0,synthetic,0.5193767074042589,fraction x config serving,175.12384902944703
DIHING_20260926_B,banana,33.77,9.68,24.090000000000003,0.1295161290322581,0.2866449511400651,260.73972602739724,9.68,0.0,0.8392857142857143,55.0,synthetic,2.745349623829711,fraction x config serving,683.394229310634
DIHING_20260926_B,chutney,8.81,,,,,,,,0.6363636363636364,70.0,synthetic,0.48215933906619957,fraction x config serving,33.75115373463397
DIHING_20260926_B,egg,15.75,6.4,9.35,0.050268817204301076,0.40634920634920635,313.3155080213904,6.4,0.0,1.0,130.0,synthetic,1.2695875069881881,fraction x config serving,997.0463759084645
DIHING_20260926_L,rice,85.16,25.48,59.67999999999999,0.2476348547717842,0.2992015030530766,343.89343163538877,25.48,0.0,0.0,44.0,synthetic,0.0,fraction x measured serving,1121.1200000000001
DIHING_20260926_L,dal,58.842,16.096500000000002,42.74549999999999,0.17736721991701243,0.2735546038543898,331.75239498894626,16.096500000000002,0.0,0.25,62.0,synthetic,5.388441178162894,fraction x measured serving,1332.0663530460995
DIHING_20260926_L,curry,53.98,7.03,46.949999999999996,0.19481327800829873,0.1302334197851056,277.0858359957401,7.03,0.0,0.4,145.0,synthetic,9.469527817047327,fraction x measured serving,2392.431533471862
DIHING_20260926_L,roti,40.18000000000001,8.82,31.360000000000007,0.13012448132780086,0.2195121951219512,308.78124999999994,8.82,0.0,0.5909090909090909,70.0,synthetic,9.343927535225715,fraction x measured serving,1271.4749274658002
DIHING_20260926_L,curd,32.89,12.8,20.09,0.0833609958506224,0.3891760413499544,394.5490293678447,12.8,0.0,0.5,68.0,synthetic,5.065037642291822,fraction x measured serving,1214.822559675844
DIHING_20260926_L,salad,16.55,3.61,12.940000000000001,0.053692946058091294,0.21812688821752263,308.2341576506955,3.61,0.0,0.2916666666666667,38.0,synthetic,1.903065827272247,fraction x measured serving,209.49650143634537
DIHING_20260926_D,rice,80.35,4.58,75.77,0.22090379008746355,0.05700062227753579,363.73300778672296,4.58,0.0,0.5,44.0,synthetic,,no bin weight,201.52
DIHING_20260926_D,dal,64.16550000000001,11.4975,52.668000000000006,0.1535510204081633,0.17918507609229256,417.8773923444976,7.216897959183675,4.2806020408163254,0.6,62.0,synthetic,,no bin weight,712.845
DIHING_20260926_D,curry,59.87,8.05,51.81999999999999,0.15107871720116617,0.13445799231668618,396.2834812813586,7.10069970845481,0.9493002915451907,0.6,145.0,synthetic,,no bin weight,1167.25
DIHING_20260926_D,roti,42.14,10.465000000000002,31.674999999999997,0.0923469387755102,0.24833887043189373,456.3226519337017,4.34030612244898,6.124693877551022,0.7142857142857143,70.0,synthetic,,no bin weight,732.5500000000001
DIHING_20260926_D,curd,32.79,2.72,30.07,0.08766763848396501,0.08295211954864289,374.0262720319255,2.72,0.0,0.6666666666666666,68.0,synthetic,,no bin weight,184.96
DIHING_20260926_D,salad,16.75,3.47,13.28,0.038717201166180756,0.20716417910447762,432.62424698795184,1.8197084548104956,1.6502915451895046,0.5,38.0,synthetic,,no bin weight,131.86
DIHING_20260927_B,poha,52.04,20.44,31.599999999999998,0.16719576719576718,0.3927747886241353,311.25189873417725,,20.44,0.8125,48.0,synthetic,5.621101549053356,fraction x config serving,1250.9328743545611
DIHING_20260927_B,pasta,46.91,21.08,25.83,0.13666666666666666,0.44937113621829033,343.2439024390244,,21.08,1.0,85.0,synthetic,5.655036144578315,fraction x config serving,2272.4780722891564
DIHING_20260927_B,sprouts,17.62,6.17,11.450000000000001,0.060582010582010584,0.3501702610669693,290.8454148471616,,6.17,0.75,90.0,synthetic,1.880086058519794,fraction x config serving,724.5077452667814
DIHING_20260927_B,bread,7.4,2.625,4.775,0.025264550264550267,0.3547297297297297,292.9005235602094,,2.625,1.0,58.0,synthetic,1.0454044750430296,fraction x config serving,212.8834595524957
DIHING_20260927_B,banana,32.01,10.23,21.779999999999998,0.11523809523809522,0.3195876288659794,277.77272727272725,,10.23,,55.0,synthetic,,not visible,562.65
DIHING_20260927_B,chutney,8.79,,,,,,,,1.0,70.0,synthetic,1.2413493975903616,fraction x config serving,86.89445783132531
DIHING_20260927_B,egg,15.25,5.9,9.35,0.04947089947089947,0.38688524590163936,308.2620320855615,,5.9,1.0,130.0,synthetic,2.0470223752151466,fraction x config serving,1033.112908777969
DIHING_20260927_L,rice,83.24,23.55,59.69,0.19764900662251655,0.28291686689091783,421.15061149271236,19.369602649006623,4.180397350993378,0.625,44.0,synthetic,5.65297765880953,fraction x measured serving,1284.9310169876194
DIHING_20260927_L,dal,63.850500000000004,14.1225,49.728,0.16466225165562914,0.22118072685413584,387.76646959459464,14.1225,0.0,0.0,62.0,synthetic,0.0,fraction x measured serving,875.595
DIHING_20260927_L,curry,63.78,16.51,47.269999999999996,0.156523178807947,0.25885857635622456,407.47958536069393,15.339271523178805,1.1707284768211963,0.75,145.0,synthetic,5.37208082959142,fraction x measured serving,3172.901720290756
DIHING_20260927_L,roti,42.94500000000001,10.290000000000001,32.65500000000001,0.10812913907284771,0.2396088019559902,397.1639871382637,10.290000000000001,0.0,0.8,70.0,synthetic,3.958542827508534,fraction x measured serving,997.3979979255975
DIHING_20260927_L,curd,33.03,7.72,25.310000000000002,0.08380794701986756,0.23372691492582498,394.11536941920184,7.72,0.0,0.75,68.0,synthetic,2.87639868409052,fraction x measured serving,720.5551105181554
DIHING_20260927_L,salad,16.62,3.77,12.850000000000001,0.04254966887417219,0.22683513838748495,390.6023346303502,3.77,0.0,0.0,38.0,synthetic,0.0,fraction x measured serving,143.26
