meal_id,interval_start,count,counter_person,source
DIHING_20260926_B,07:30,11,AB,synthetic
DIHING_20260926_B,07:45,20,VR,synthetic
DIHING_20260926_B,08:00,28,AB,synthetic
DIHING_20260926_B,08:15,54,SK,synthetic
DIHING_20260926_B,08:30,40,AB,synthetic
DIHING_20260926_B,08:45,19,AB,synthetic
DIHING_20260926_B,09:00,11,VR,synthetic
DIHING_20260926_B,09:15,3,AB,synthetic
DIHING_20260926_L,12:15,14,VR,synthetic
DIHING_20260926_L,12:30,34,VR,synthetic
DIHING_20260926_L,12:45,65,VR,synthetic
DIHING_20260926_L,13:15,54,SK,synthetic
DIHING_20260926_L,13:30,41,VR,synthetic
DIHING_20260926_L,13:45,28,SK,synthetic
DIHING_20260926_L,14:00,5,AB,synthetic
DIHING_20260926_D,19:45,14,SK,synthetic
DIHING_20260926_D,20:00,45,VR,synthetic
DIHING_20260926_D,20:15,75,VR,synthetic
DIHING_20260926_D,20:30,71,AB,synthetic
DIHING_20260926_D,20:45,67,SK,synthetic
DIHING_20260926_D,21:00,43,SK,synthetic
DIHING_20260926_D,21:15,19,AB,synthetic
DIHING_20260926_D,21:30,9,SK,synthetic
DIHING_20260927_B,07:30,13,VR,synthetic
DIHING_20260927_B,07:45,19,SK,synthetic
DIHING_20260927_B,08:00,43,SK,synthetic
DIHING_20260927_B,08:15,35,AB,synthetic
DIHING_20260927_B,08:30,42,VR,synthetic
DIHING_20260927_B,08:45,23,SK,synthetic
DIHING_20260927_B,09:00,12,SK,synthetic
